Date,Cash,Stock Value,Option Value,Short Value,Account Value
1/21/2026,"-$205,885.58","$519,474.60",$0.00,$0.00,"$313,589.02"
1/20/2026,"-$205,885.58","$526,860.87",$0.00,$0.00,"$320,975.28"
1/17/2026,"-$205,885.58","$526,823.22",$0.00,$0.00,"$320,937.63"
1/16/2026,"-$205,885.58","$530,557.64",$0.00,$0.00,"$324,672.05"
1/15/2026,"-$205,885.58","$531,768.47",$0.00,$0.00,"$325,882.89"
1/14/2026,"-$205,885.58","$531,410.83",$0.00,$0.00,"$325,525.25"
1/13/2026,"-$205,885.58","$521,910.70",$0.00,$0.00,"$316,025.11"
1/10/2026,"-$205,885.58","$518,249.64",$0.00,$0.00,"$312,364.06"
1/09/2026,"-$205,885.58","$512,293.90",$0.00,$0.00,"$306,408.32"
1/08/2026,"-$205,885.58","$508,898.34",$0.00,$0.00,"$303,012.75"
1/07/2026,"-$205,885.58","$509,051.05",$0.00,$0.00,"$303,165.47"
1/06/2026,"-$205,885.58","$511,086.80",$0.00,$0.00,"$305,201.22"
1/03/2026,"-$205,885.58","$507,818.44",$0.00,$0.00,"$301,932.86"
1/02/2026,"-$205,885.58","$500,356.03",$0.00,$0.00,"$294,470.44"
1/01/2026,"-$206,541.58","$500,373.78",$0.00,$0.00,"$293,832.19"
12/31/2025,"-$206,541.58","$497,918.35",$0.00,$0.00,"$291,376.77"
12/30/2025,"-$206,541.58","$498,061.38",$0.00,$0.00,"$291,519.80"
12/27/2025,"-$206,541.58","$498,795.90",$0.00,$0.00,"$292,254.31"
12/26/2025,"-$206,541.58","$495,719.93",$0.00,$0.00,"$289,178.35"
12/25/2025,"-$206,546.17","$495,719.93",$0.00,$0.00,"$289,173.76"
12/24/2025,"-$206,546.17","$491,678.75",$0.00,$0.00,"$285,132.58"
12/23/2025,"-$206,546.17","$487,146.13",$0.00,$0.00,"$280,599.95"
12/20/2025,"-$206,546.17","$487,112.93",$0.00,$0.00,"$280,566.76"
12/19/2025,"-$206,546.17","$491,014.73",$0.00,$0.00,"$284,468.56"
12/18/2025,"-$206,546.17","$486,554.45",$0.00,$0.00,"$280,008.27"
12/17/2025,"-$206,546.17","$499,340.24",$0.00,$0.00,"$292,794.06"
12/16/2025,"-$206,546.17","$501,435.76",$0.00,$0.00,"$294,889.59"
12/13/2025,"-$206,669.83","$502,873.85",$0.00,$0.00,"$296,204.02"
12/12/2025,"-$206,669.83","$511,094.06",$0.00,$0.00,"$304,424.22"
12/11/2025,"-$206,669.83","$513,229.28",$0.00,$0.00,"$306,559.45"
12/10/2025,"-$206,669.83","$507,077.44",$0.00,$0.00,"$300,407.61"
12/09/2025,"-$206,915.93","$506,080.73",$0.00,$0.00,"$299,164.80"
12/06/2025,"-$206,915.93","$512,396.38",$0.00,$0.00,"$305,480.45"
12/05/2025,"-$206,915.93","$509,625.54",$0.00,$0.00,"$302,709.60"
12/04/2025,"-$206,915.93","$512,177.01",$0.00,$0.00,"$305,261.08"
12/03/2025,"-$206,945.67","$509,317.49",$0.00,$0.00,"$302,371.82"
12/02/2025,"-$206,945.67","$507,165.00",$0.00,$0.00,"$300,219.33"
11/29/2025,"-$206,945.67","$504,594.20",$0.00,$0.00,"$297,648.53"
11/28/2025,"-$206,945.67","$500,315.02",$0.00,$0.00,"$293,369.35"
11/27/2025,"-$206,945.67","$500,283.77",$0.00,$0.00,"$293,338.10"
11/26/2025,"-$206,945.67","$496,558.89",$0.00,$0.00,"$289,613.22"
11/25/2025,"-$206,945.67","$495,785.60",$0.00,$0.00,"$288,839.93"
11/22/2025,"-$206,945.67","$483,797.89",$0.00,$0.00,"$276,852.22"
11/21/2025,"-$206,945.67","$477,262.25",$0.00,$0.00,"$270,316.58"
11/20/2025,"-$206,945.67","$490,546.13",$0.00,$0.00,"$283,600.46"
11/19/2025,"-$206,945.67","$486,376.18",$0.00,$0.00,"$279,430.51"
11/18/2025,"-$206,945.67","$491,639.21",$0.00,$0.00,"$284,693.54"
11/15/2025,"-$206,945.67","$494,407.56",$0.00,$0.00,"$287,461.89"
11/14/2025,"-$206,945.67","$498,430.62",$0.00,$0.00,"$291,484.95"
11/13/2025,"-$206,945.67","$505,291.59",$0.00,$0.00,"$298,345.92"
11/12/2025,"-$206,945.67","$502,007.87",$0.00,$0.00,"$295,062.20"
11/11/2025,"-$206,945.67","$502,491.11",$0.00,$0.00,"$295,545.44"
11/08/2025,"-$206,945.67","$491,531.08",$0.00,$0.00,"$284,585.41"
11/07/2025,"-$206,945.67","$494,203.18",$0.00,$0.00,"$287,257.51"
11/06/2025,"-$206,945.67","$503,414.33",$0.00,$0.00,"$296,468.66"
11/05/2025,"-$206,978.92","$498,308.25",$0.00,$0.00,"$291,329.33"
11/04/2025,"-$206,978.92","$512,455.51",$0.00,$0.00,"$305,476.59"
11/01/2025,"-$206,978.92","$514,466.82",$0.00,$0.00,"$307,487.90"
10/31/2025,"-$206,978.92","$516,342.43",$0.00,$0.00,"$309,363.51"
10/30/2025,"-$206,978.92","$522,060.87",$0.00,$0.00,"$315,081.95"
10/29/2025,"-$206,978.92","$518,775.75",$0.00,$0.00,"$311,796.83"
10/28/2025,"-$206,978.92","$516,298.53",$0.00,$0.00,"$309,319.60"
10/25/2025,"-$206,978.92","$507,040.70",$0.00,$0.00,"$300,061.78"
10/24/2025,"-$206,978.92","$498,802.42",$0.00,$0.00,"$291,823.50"
10/23/2025,"-$206,978.92","$492,480.18",$0.00,$0.00,"$285,501.26"
10/22/2025,"-$206,978.92","$494,041.95",$0.00,$0.00,"$287,063.03"
10/21/2025,"-$206,983.02","$497,481.86",$0.00,$0.00,"$290,498.84"
10/18/2025,"-$206,983.02","$491,564.12",$0.00,$0.00,"$284,581.09"
10/17/2025,"-$206,983.02","$488,307.71",$0.00,$0.00,"$281,324.69"
10/16/2025,"-$128,367.42","$413,715.40",$0.00,$0.00,"$285,347.98"
10/15/2025,"-$128,367.42","$404,904.38",$0.00,$0.00,"$276,536.96"
10/14/2025,"-$128,367.42","$410,272.72",$0.00,$0.00,"$281,905.30"
10/11/2025,"-$128,367.42","$399,853.66",$0.00,$0.00,"$271,486.24"
10/10/2025,"-$128,367.42","$417,760.67",$0.00,$0.00,"$289,393.25"
10/09/2025,"-$128,367.42","$420,406.52",$0.00,$0.00,"$292,039.10"
10/08/2025,"-$128,367.42","$414,245.62",$0.00,$0.00,"$285,878.20"
10/07/2025,"-$128,367.42","$417,078.37",$0.00,$0.00,"$288,710.95"
10/04/2025,"-$128,403.29","$409,288.45",$0.00,$0.00,"$280,885.16"
10/03/2025,"-$128,403.29","$413,014.47",$0.00,$0.00,"$284,611.18"
10/02/2025,"-$128,403.29","$407,793.27",$0.00,$0.00,"$279,389.98"
10/01/2025,"-$128,407.88","$400,178.69",$0.00,$0.00,"$271,770.81"
9/30/2025,"-$128,728.48","$399,833.95",$0.00,$0.00,"$271,105.47"
9/27/2025,"-$128,728.48","$398,003.27",$0.00,$0.00,"$269,274.79"
9/26/2025,"-$128,728.48","$396,587.17",$0.00,$0.00,"$267,858.69"
9/25/2025,"-$128,728.48","$394,818.26",$0.00,$0.00,"$266,089.78"
9/24/2025,"-$128,728.48","$392,088.37",$0.00,$0.00,"$263,359.89"
9/23/2025,"-$128,728.48","$393,862.27",$0.00,$0.00,"$265,133.79"
9/20/2025,"-$128,728.48","$391,536.86",$0.00,$0.00,"$262,808.38"
9/19/2025,"-$128,728.48","$392,445.23",$0.00,$0.00,"$263,716.75"
9/18/2025,"-$128,728.48","$383,709.70",$0.00,$0.00,"$254,981.22"
9/17/2025,"-$128,728.48","$386,206.42",$0.00,$0.00,"$257,477.94"
9/16/2025,"-$128,728.48","$385,572.53",$0.00,$0.00,"$256,844.05"
9/13/2025,"-$128,801.14","$379,807.37",$0.00,$0.00,"$251,006.23"
9/12/2025,"-$128,801.14","$380,681.83",$0.00,$0.00,"$251,880.69"
9/11/2025,"-$128,801.14","$378,270.75",$0.00,$0.00,"$249,469.61"
9/10/2025,"-$128,801.14","$374,498.80",$0.00,$0.00,"$245,697.66"
9/09/2025,"-$129,039.64","$368,805.27",$0.00,$0.00,"$239,765.63"
9/06/2025,"-$129,039.64","$366,469.81",$0.00,$0.00,"$237,430.17"
9/05/2025,"-$129,039.64","$370,438.15",$0.00,$0.00,"$241,398.51"
9/04/2025,"-$129,072.52","$369,435.21",$0.00,$0.00,"$240,362.69"
9/03/2025,"-$129,072.52","$363,476.58",$0.00,$0.00,"$234,404.06"
9/02/2025,"-$129,072.52","$367,292.15",$0.00,$0.00,"$238,219.63"
8/30/2025,"-$129,072.52","$367,292.15",$0.00,$0.00,"$238,219.63"
8/29/2025,"-$129,072.52","$367,954.77",$0.00,$0.00,"$238,882.25"
8/28/2025,"-$129,072.52","$367,242.41",$0.00,$0.00,"$238,169.89"
8/27/2025,"-$129,072.52","$367,143.19",$0.00,$0.00,"$238,070.67"
8/26/2025,"-$129,072.52","$366,518.47",$0.00,$0.00,"$237,445.95"
8/23/2025,"-$129,072.52","$365,420.16",$0.00,$0.00,"$236,347.64"
8/22/2025,"-$129,072.52","$356,085.69",$0.00,$0.00,"$227,013.17"
8/21/2025,"-$129,072.52","$356,709.22",$0.00,$0.00,"$227,636.71"
8/20/2025,"-$129,072.52","$360,225.80",$0.00,$0.00,"$231,153.28"
8/19/2025,"-$129,072.52","$364,573.01",$0.00,$0.00,"$235,500.49"
8/16/2025,"-$129,072.52","$364,593.98",$0.00,$0.00,"$235,521.46"
8/15/2025,"-$129,072.52","$364,794.79",$0.00,$0.00,"$235,722.27"
8/14/2025,"-$129,072.52","$365,378.46",$0.00,$0.00,"$236,305.94"
8/13/2025,"-$129,072.52","$361,755.09",$0.00,$0.00,"$232,682.57"
8/12/2025,"-$129,072.52","$356,436.29",$0.00,$0.00,"$227,363.77"
8/09/2025,"-$129,072.52","$357,391.36",$0.00,$0.00,"$228,318.84"
8/08/2025,"-$129,072.52","$355,164.49",$0.00,$0.00,"$226,091.97"
8/07/2025,"-$129,072.52","$354,139.59",$0.00,$0.00,"$225,067.07"
8/06/2025,"-$129,072.52","$353,068.62",$0.00,$0.00,"$223,996.10"
8/05/2025,"-$129,113.02","$354,462.66",$0.00,$0.00,"$225,349.64"
8/02/2025,"-$129,113.02","$347,663.27",$0.00,$0.00,"$218,550.26"
8/01/2025,"-$129,113.02","$353,744.83",$0.00,$0.00,"$224,631.81"
7/31/2025,"-$129,113.02","$357,981.96",$0.00,$0.00,"$228,868.94"
7/30/2025,"-$129,113.02","$357,492.01",$0.00,$0.00,"$228,378.99"
7/29/2025,"-$129,113.02","$357,927.37",$0.00,$0.00,"$228,814.35"
7/26/2025,"-$129,113.02","$352,803.80",$0.00,$0.00,"$223,690.78"
7/25/2025,"-$129,113.02","$353,297.53",$0.00,$0.00,"$224,184.52"
7/24/2025,"-$129,113.02","$353,045.21",$0.00,$0.00,"$223,932.19"
7/23/2025,"-$129,113.02","$348,722.88",$0.00,$0.00,"$219,609.86"
7/22/2025,"-$129,117.12","$349,651.53",$0.00,$0.00,"$220,534.41"
7/19/2025,"-$129,117.12","$347,017.22",$0.00,$0.00,"$217,900.10"
7/18/2025,"-$129,117.12","$347,213.72",$0.00,$0.00,"$218,096.60"
7/17/2025,"-$129,117.12","$344,860.89",$0.00,$0.00,"$215,743.77"
7/16/2025,"-$129,117.12","$344,139.74",$0.00,$0.00,"$215,022.62"
7/15/2025,"-$129,117.12","$338,415.28",$0.00,$0.00,"$209,298.16"
7/12/2025,"-$129,117.12","$338,400.69",$0.00,$0.00,"$209,283.57"
7/11/2025,"-$129,117.12","$338,470.54",$0.00,$0.00,"$209,353.42"
7/10/2025,"-$129,117.12","$334,892.29",$0.00,$0.00,"$205,775.17"
7/09/2025,"-$154,814.16","$359,795.57",$0.00,$0.00,"$204,981.41"
7/08/2025,"-$154,814.16","$358,690.95",$0.00,$0.00,"$203,876.79"
7/05/2025,"-$154,844.28","$364,871.05",$0.00,$0.00,"$210,026.77"
7/04/2025,"-$154,844.28","$364,871.05",$0.00,$0.00,"$210,026.77"
7/03/2025,"-$154,844.28","$362,925.94",$0.00,$0.00,"$208,081.66"
7/02/2025,"-$154,848.87","$357,117.37",$0.00,$0.00,"$202,268.50"
7/01/2025,"-$154,848.87","$360,210.14",$0.00,$0.00,"$205,361.27"
6/28/2025,"-$154,987.87","$363,038.84",$0.00,$0.00,"$208,050.97"
6/27/2025,"-$154,987.87","$353,619.31",$0.00,$0.00,"$198,631.44"
6/26/2025,"-$154,987.87","$350,255.84",$0.00,$0.00,"$195,267.97"
6/25/2025,"-$154,987.87","$349,902.23",$0.00,$0.00,"$194,914.36"
6/24/2025,"-$154,987.87","$346,260.25",$0.00,$0.00,"$191,272.38"
6/21/2025,"-$154,987.87","$341,049.78",$0.00,$0.00,"$186,061.91"
6/20/2025,"-$154,987.87","$344,393.56",$0.00,$0.00,"$189,405.69"
6/19/2025,"-$154,987.87","$344,393.56",$0.00,$0.00,"$189,405.69"
6/18/2025,"-$154,987.87","$343,803.34",$0.00,$0.00,"$188,815.47"
6/17/2025,"-$154,987.87","$348,151.66",$0.00,$0.00,"$193,163.79"
6/14/2025,"-$155,060.53","$342,710.82",$0.00,$0.00,"$187,650.29"
6/13/2025,"-$155,060.53","$346,475.08",$0.00,$0.00,"$191,414.55"
6/12/2025,"-$155,060.53","$348,254.71",$0.00,$0.00,"$193,194.18"
6/11/2025,"-$155,060.53","$350,916.84",$0.00,$0.00,"$195,856.31"
6/10/2025,"-$155,060.53","$342,752.75",$0.00,$0.00,"$187,692.22"
6/07/2025,"-$126,560.83","$310,157.54",$0.00,$0.00,"$183,596.71"
6/06/2025,"-$126,560.83","$304,650.45",$0.00,$0.00,"$178,089.62"
6/05/2025,"-$126,560.83","$314,025.11",$0.00,$0.00,"$187,464.28"
6/04/2025,"-$126,588.50","$313,901.71",$0.00,$0.00,"$187,313.21"
6/03/2025,"-$126,588.50","$311,671.30",$0.00,$0.00,"$185,082.80"
5/31/2025,"-$126,588.50","$311,049.70",$0.00,$0.00,"$184,461.20"
5/30/2025,"-$126,588.50","$316,441.16",$0.00,$0.00,"$189,852.65"
5/29/2025,"-$126,588.50","$314,417.80",$0.00,$0.00,"$187,829.30"
5/28/2025,"-$126,588.50","$317,499.85",$0.00,$0.00,"$190,911.35"
5/27/2025,"-$126,588.50","$308,542.54",$0.00,$0.00,"$181,954.03"
5/24/2025,"-$126,588.50","$308,542.54",$0.00,$0.00,"$181,954.03"
5/23/2025,"-$126,588.50","$311,160.33",$0.00,$0.00,"$184,571.82"
5/22/2025,"-$126,588.50","$309,603.27",$0.00,$0.00,"$183,014.76"
5/21/2025,"-$126,588.50","$313,147.22",$0.00,$0.00,"$186,558.72"
5/20/2025,"-$126,588.50","$314,245.62",$0.00,$0.00,"$187,657.11"
5/17/2025,"-$126,588.50","$316,403.08",$0.00,$0.00,"$189,814.58"
5/16/2025,"-$126,588.50","$313,697.50",$0.00,$0.00,"$187,109.00"
5/15/2025,"-$126,588.50","$317,059.35",$0.00,$0.00,"$190,470.85"
5/14/2025,"-$126,588.50","$311,210.51",$0.00,$0.00,"$184,622.01"
5/13/2025,"-$126,588.50","$304,140.59",$0.00,$0.00,"$177,552.09"
5/10/2025,"-$126,588.50","$290,809.33",$0.00,$0.00,"$164,220.83"
5/09/2025,"-$126,588.50","$288,921.72",$0.00,$0.00,"$162,333.22"
5/08/2025,"-$126,588.50","$284,131.85",$0.00,$0.00,"$157,543.34"
5/07/2025,"-$126,588.50","$287,277.46",$0.00,$0.00,"$160,688.95"
5/06/2025,"-$126,588.50","$289,418.43",$0.00,$0.00,"$162,829.93"
5/03/2025,"-$126,636.81","$291,818.18",$0.00,$0.00,"$165,181.37"
5/02/2025,"-$126,636.81","$285,037.49",$0.00,$0.00,"$158,400.68"
5/01/2025,"-$126,636.81","$282,762.66",$0.00,$0.00,"$156,125.84"
4/30/2025,"-$126,636.81","$286,077.95",$0.00,$0.00,"$159,441.14"
4/29/2025,"-$126,636.81","$284,623.14",$0.00,$0.00,"$157,986.33"
4/26/2025,"-$126,636.81","$285,811.40",$0.00,$0.00,"$159,174.58"
4/25/2025,"-$126,636.81","$279,674.31",$0.00,$0.00,"$153,037.50"
4/24/2025,"-$126,636.81","$273,421.67",$0.00,$0.00,"$146,784.86"
4/23/2025,"-$126,636.81","$265,616.51",$0.00,$0.00,"$138,979.69"
4/22/2025,"-$126,640.91","$257,872.54",$0.00,$0.00,"$131,231.63"
4/19/2025,"-$126,640.91","$264,515.32",$0.00,$0.00,"$137,874.41"
4/18/2025,"-$126,640.91","$264,515.32",$0.00,$0.00,"$137,874.41"
4/17/2025,"-$126,640.91","$265,214.21",$0.00,$0.00,"$138,573.30"
4/16/2025,"-$126,640.91","$274,502.68",$0.00,$0.00,"$147,861.76"
4/15/2025,"-$126,640.91","$275,389.26",$0.00,$0.00,"$148,748.35"
4/12/2025,"-$106,685.21","$252,601.21",$0.00,$0.00,"$145,916.00"
4/11/2025,"-$106,685.21","$248,250.35",$0.00,$0.00,"$141,565.13"
4/10/2025,"-$106,685.21","$261,407.09",$0.00,$0.00,"$154,721.87"
4/09/2025,"-$106,685.21","$229,861.57",$0.00,$0.00,"$123,176.36"
4/08/2025,"-$106,685.21","$237,095.96",$0.00,$0.00,"$130,410.74"
4/05/2025,"-$106,685.21","$239,462.60",$0.00,$0.00,"$132,777.39"
4/04/2025,"-$106,685.21","$257,301.53",$0.00,$0.00,"$150,616.32"
4/03/2025,"-$106,716.11","$269,842.02",$0.00,$0.00,"$163,125.91"
4/02/2025,"-$106,716.11","$267,595.88",$0.00,$0.00,"$160,879.77"
4/01/2025,"-$106,720.70","$264,473.56",$0.00,$0.00,"$157,752.85"
3/29/2025,"-$106,859.70","$265,517.35",$0.00,$0.00,"$158,657.65"
3/28/2025,"-$106,859.70","$274,248.27",$0.00,$0.00,"$167,388.56"
3/27/2025,"-$106,859.70","$275,365.85",$0.00,$0.00,"$168,506.15"
3/26/2025,"-$106,859.70","$284,704.56",$0.00,$0.00,"$177,844.86"
3/25/2025,"-$106,859.70","$282,830.23",$0.00,$0.00,"$175,970.53"
3/22/2025,"-$106,859.70","$274,271.61",$0.00,$0.00,"$167,411.91"
3/21/2025,"-$106,859.70","$273,112.94",$0.00,$0.00,"$166,253.24"
3/20/2025,"-$106,859.70","$275,032.48",$0.00,$0.00,"$168,172.78"
3/19/2025,"-$106,859.70","$272,355.78",$0.00,$0.00,"$165,496.08"
3/18/2025,"-$106,859.70","$279,340.49",$0.00,$0.00,"$172,480.78"
3/15/2025,"-$106,859.70","$278,232.69",$0.00,$0.00,"$171,372.98"
3/14/2025,"-$106,859.70","$271,287.75",$0.00,$0.00,"$164,428.05"
3/13/2025,"-$106,859.70","$272,195.43",$0.00,$0.00,"$165,335.73"
3/12/2025,"-$128,261.90","$285,659.27",$0.00,$0.00,"$157,397.36"
3/11/2025,"-$128,261.90","$282,683.83",$0.00,$0.00,"$154,421.92"
3/08/2025,"-$128,312.00","$296,698.07",$0.00,$0.00,"$168,386.07"
3/07/2025,"-$128,312.00","$295,642.51",$0.00,$0.00,"$167,330.51"
3/06/2025,"-$128,312.00","$304,338.84",$0.00,$0.00,"$176,026.84"
3/05/2025,"-$128,343.86","$298,969.85",$0.00,$0.00,"$170,625.99"
3/04/2025,"-$128,343.86","$304,496.59",$0.00,$0.00,"$176,152.73"
3/01/2025,"-$128,343.86","$314,094.71",$0.00,$0.00,"$185,750.85"
2/28/2025,"-$128,343.86","$308,597.64",$0.00,$0.00,"$180,253.77"
2/27/2025,"-$128,343.86","$317,123.54",$0.00,$0.00,"$188,779.67"
2/26/2025,"-$128,343.86","$315,298.66",$0.00,$0.00,"$186,954.79"
2/25/2025,"-$128,343.86","$321,957.45",$0.00,$0.00,"$193,613.59"
2/22/2025,"-$128,343.86","$327,563.99",$0.00,$0.00,"$199,220.12"
2/21/2025,"-$128,343.86","$334,539.87",$0.00,$0.00,"$206,196.01"
2/20/2025,"-$128,343.86","$333,751.55",$0.00,$0.00,"$205,407.68"
2/19/2025,"-$128,343.86","$334,845.98",$0.00,$0.00,"$206,502.12"
2/18/2025,"-$128,343.86","$329,413.46",$0.00,$0.00,"$201,069.60"
2/15/2025,"-$128,343.86","$329,413.46",$0.00,$0.00,"$201,069.60"
2/14/2025,"-$128,343.86","$326,017.77",$0.00,$0.00,"$197,673.91"
2/13/2025,"-$128,343.86","$316,921.33",$0.00,$0.00,"$188,577.46"
2/12/2025,"-$128,343.86","$313,082.03",$0.00,$0.00,"$184,738.16"
2/11/2025,"-$128,343.86","$314,882.01",$0.00,$0.00,"$186,538.14"
2/08/2025,"-$128,343.86","$311,742.33",$0.00,$0.00,"$183,398.46"
2/07/2025,"-$128,343.86","$315,590.43",$0.00,$0.00,"$187,246.56"
2/06/2025,"-$128,343.86","$314,489.20",$0.00,$0.00,"$186,145.33"
2/05/2025,"-$71,862.08","$260,707.41",$0.00,$0.00,"$188,845.34"
2/04/2025,"-$71,862.08","$256,921.68",$0.00,$0.00,"$185,059.60"
1/29/2025,"-$71,862.08","$257,230.28",$0.00,$0.00,"$185,368.20"
1/24/2025,"-$71,862.08","$257,208.31",$0.00,$0.00,"$185,346.24"
1/22/2025,"-$71,862.08","$258,736.10",$0.00,$0.00,"$186,874.02"
1/16/2025,"-$71,866.08","$252,093.11",$0.00,$0.00,"$180,227.03"
1/11/2025,"-$71,866.08","$245,126.47",$0.00,$0.00,"$173,260.39"
1/04/2025,"-$71,866.08","$253,884.65",$0.00,$0.00,"$182,018.58"
12/31/2024,"-$71,994.23","$250,907.86",$0.00,$0.00,"$178,913.63"
12/27/2024,"-$71,994.23","$257,801.57",$0.00,$0.00,"$185,807.34"
12/20/2024,"-$71,994.23","$254,008.24",$0.00,$0.00,"$182,014.02"
12/13/2024,"-$72,042.73","$260,252.58",$0.00,$0.00,"$188,209.85"
12/06/2024,"-$72,092.83","$254,807.17",$0.00,$0.00,"$182,714.34"
11/26/2024,"-$72,124.53","$246,082.06",$0.00,$0.00,"$173,957.53"
11/19/2024,"-$72,124.53","$244,442.25",$0.00,$0.00,"$172,317.72"
11/12/2024,"-$26,809.53","$199,010.59",$0.00,$0.00,"$172,201.06"
11/05/2024,"-$26,809.53","$184,341.49",$0.00,$0.00,"$157,531.96"
10/29/2024,"-$26,844.91","$186,311.48",$0.00,$0.00,"$159,466.57"
10/22/2024,"-$26,844.91","$181,276.50",$0.00,$0.00,"$154,431.59"
10/16/2024,"-$26,848.91","$183,091.73",$0.00,$0.00,"$156,242.82"
10/10/2024,"-$26,848.91","$185,826.66",$0.00,$0.00,"$158,977.75"
10/03/2024,"-$26,848.91","$189,654.02",$0.00,$0.00,"$162,805.11"
9/27/2024,"-$27,013.00","$190,582.59",$0.00,$0.00,"$163,569.59"
9/21/2024,"-$27,013.00","$181,213.99",$0.00,$0.00,"$154,200.99"
9/17/2024,"-$27,013.00","$175,789.46",$0.00,$0.00,"$148,776.46"
9/10/2024,"-$27,013.00","$174,018.54",$0.00,$0.00,"$147,005.55"
9/04/2024,"-$27,101.10","$174,408.62",$0.00,$0.00,"$147,307.52"
8/27/2024,"-$27,561.64","$171,993.71",$0.00,$0.00,"$144,432.07"
8/20/2024,"-$101,553.64","$246,612.44",$0.00,$0.00,"$145,058.80"
8/13/2024,"-$101,553.64","$243,016.94",$0.00,$0.00,"$141,463.30"
8/06/2024,"-$101,553.64","$221,588.09",$0.00,$0.00,"$120,034.45"
7/30/2024,"-$101,590.61","$230,296.13",$0.00,$0.00,"$128,705.52"
7/23/2024,"-$101,590.61","$233,963.55",$0.00,$0.00,"$132,372.94"
7/16/2024,"-$101,594.61","$237,130.75",$0.00,$0.00,"$135,536.14"
7/09/2024,"-$101,994.67","$232,139.99",$0.00,$0.00,"$130,145.32"
7/02/2024,"-$102,027.49","$230,073.33",$0.00,$0.00,"$128,045.84"
6/26/2024,"-$102,157.39","$229,604.58",$0.00,$0.00,"$127,447.19"
6/20/2024,"-$102,157.39","$226,969.59",$0.00,$0.00,"$124,812.20"
6/13/2024,"-$102,157.39","$227,326.35",$0.00,$0.00,"$125,168.96"
6/05/2024,"-$77,945.25","$203,715.41",$0.00,$0.00,"$125,770.16"
5/30/2024,"-$77,986.64","$202,263.96",$0.00,$0.00,"$124,277.32"
5/24/2024,"-$101,667.36","$226,083.01",$0.00,$0.00,"$124,415.65"
5/17/2024,"-$74,474.11","$204,261.11",$0.00,$0.00,"$129,787.00"
5/10/2024,"-$74,474.11","$201,505.84",$0.00,$0.00,"$127,031.73"
5/03/2024,"-$74,510.30","$200,341.73",$0.00,$0.00,"$125,831.43"
4/26/2024,"-$74,510.30","$202,692.51",$0.00,$0.00,"$128,182.21"
4/19/2024,"-$74,514.30","$198,852.99",$0.00,$0.00,"$124,338.69"
4/09/2024,"-$74,514.30","$204,875.43",$0.00,$0.00,"$130,361.13"
4/02/2024,"-$74,550.55","$204,524.71",$0.00,$0.00,"$129,974.16"
3/26/2024,"-$56,982.05","$184,721.96",$0.00,$0.00,"$127,739.91"
3/19/2024,"-$56,982.05","$182,996.89",$0.00,$0.00,"$126,014.84"
3/12/2024,"-$56,982.05","$181,492.99",$0.00,$0.00,"$124,510.93"
3/05/2024,"$59,555.81","$63,496.71",$0.00,$0.00,"$123,052.52"
2/27/2024,"$59,555.81","$67,226.63",$0.00,$0.00,"$126,782.44"
2/20/2024,"-$56,004.71","$179,365.75",$0.00,$0.00,"$123,361.04"
2/13/2024,"-$56,004.71","$180,285.83",$0.00,$0.00,"$124,281.12"
2/07/2024,"-$56,004.71","$176,183.01",$0.00,$0.00,"$120,178.30"
2/01/2024,"-$56,004.71","$170,803.23",$0.00,$0.00,"$114,798.52"
1/23/2024,"-$56,004.71","$167,350.77",$0.00,$0.00,"$111,346.06"
1/16/2024,"-$56,004.71","$166,926.59",$0.00,$0.00,"$110,921.88"
1/09/2024,"-$56,004.71","$164,068.44",$0.00,$0.00,"$108,063.73"
1/02/2024,"-$56,004.71","$165,322.96",$0.00,$0.00,"$109,318.25"
12/26/2023,"-$2,780.77","$113,085.96",$0.00,$0.00,"$110,305.19"
12/19/2023,"-$2,780.77","$113,718.68",$0.00,$0.00,"$110,937.91"
12/12/2023,"-$2,788.27","$107,567.04",$0.00,$0.00,"$104,778.77"
12/05/2023,"-$2,819.77","$106,973.83",$0.00,$0.00,"$104,154.06"
11/28/2023,"-$2,819.77","$107,041.61",$0.00,$0.00,"$104,221.84"
11/21/2023,"-$2,825.47","$105,001.25",$0.00,$0.00,"$102,175.78"
11/14/2023,"-$2,871.85","$103,288.54",$0.00,$0.00,"$100,416.69"
11/07/2023,"-$2,871.85","$101,620.01",$0.00,$0.00,"$98,748.16"
10/31/2023,"-$2,871.85","$97,054.26",$0.00,$0.00,"$94,182.41"
10/24/2023,"-$2,882.35","$95,686.39",$0.00,$0.00,"$92,804.04"
10/17/2023,"-$2,882.35","$98,602.06",$0.00,$0.00,"$95,719.71"
10/10/2023,"-$2,882.35","$97,206.00",$0.00,$0.00,"$94,323.65"
10/03/2023,"-$2,882.35","$94,820.57",$0.00,$0.00,"$91,938.22"
9/26/2023,"-$2,882.35","$95,052.15",$0.00,$0.00,"$92,169.80"
9/20/2023,"-$2,882.35","$100,062.69",$0.00,$0.00,"$97,180.34"
9/16/2023,"-$2,882.35","$102,105.45",$0.00,$0.00,"$99,223.10"
9/12/2023,"-$2,889.15","$102,350.17",$0.00,$0.00,"$99,461.02"
9/06/2023,"-$2,966.15","$99,198.47",$0.00,$0.00,"$96,232.32"
9/02/2023,"-$2,966.15","$100,092.43",$0.00,$0.00,"$97,126.28"
8/29/2023,"-$2,966.15","$98,739.23",$0.00,$0.00,"$95,773.08"
8/23/2023,"-$2,971.45","$98,440.99",$0.00,$0.00,"$95,469.54"
8/19/2023,"-$2,971.45","$97,445.44",$0.00,$0.00,"$94,473.99"
8/15/2023,"-$2,971.93","$100,120.97",$0.00,$0.00,"$97,149.04"
8/09/2023,"-$2,971.93","$100,567.20",$0.00,$0.00,"$97,595.27"
8/05/2023,"-$2,971.93","$101,105.64",$0.00,$0.00,"$98,133.71"
8/01/2023,"-$2,971.93","$98,418.41",$0.00,$0.00,"$95,446.48"
7/26/2023,"-$2,981.93","$97,351.96",$0.00,$0.00,"$94,370.03"
7/22/2023,"-$2,981.93","$97,509.79",$0.00,$0.00,"$94,527.86"
7/18/2023,"-$2,981.93","$98,907.53",$0.00,$0.00,"$95,925.60"
7/12/2023,"-$2,981.93","$96,888.97",$0.00,$0.00,"$93,907.04"
7/08/2023,"-$2,981.93","$95,681.21",$0.00,$0.00,"$92,699.28"
7/04/2023,"-$2,981.93","$96,819.79",$0.00,$0.00,"$93,837.86"
6/28/2023,"-$2,981.93","$95,475.80",$0.00,$0.00,"$92,493.87"
6/24/2023,"-$2,981.93","$95,121.89",$0.00,$0.00,"$92,139.96"
6/20/2023,"-$2,981.93","$93,857.36",$0.00,$0.00,"$90,875.43"
6/14/2023,"-$2,981.93","$94,339.46",$0.00,$0.00,"$91,357.53"
6/10/2023,"-$2,981.93","$92,064.79",$0.00,$0.00,"$89,082.86"
6/06/2023,"-$3,019.43","$93,261.92",$0.00,$0.00,"$90,242.49"
5/31/2023,"-$3,019.43","$90,345.00",$0.00,$0.00,"$87,325.57"
5/23/2023,"-$3,024.73","$86,594.34",$0.00,$0.00,"$83,569.61"
5/16/2023,"-$3,071.11","$86,392.44",$0.00,$0.00,"$83,321.33"
5/09/2023,"-$3,071.11","$83,851.75",$0.00,$0.00,"$80,780.64"
5/02/2023,"-$3,071.11","$82,283.13",$0.00,$0.00,"$79,212.02"
4/26/2023,"-$3,081.11","$82,448.38",$0.00,$0.00,"$79,367.27"
4/21/2023,"-$3,081.11","$84,019.97",$0.00,$0.00,"$80,938.86"
4/19/2023,"-$3,081.11","$82,012.23",$0.00,$0.00,"$78,931.12"
4/18/2023,"-$3,081.11","$82,074.69",$0.00,$0.00,"$78,993.58"
4/15/2023,"-$4,413.39","$83,087.17",$0.00,$0.00,"$78,673.78"
4/14/2023,"-$4,413.39","$83,293.66",$0.00,$0.00,"$78,880.27"
4/13/2023,"-$4,413.39","$80,841.52",$0.00,$0.00,"$76,428.13"
4/12/2023,"-$4,413.39","$82,324.32",$0.00,$0.00,"$77,910.93"
4/11/2023,"-$4,413.39","$83,044.24",$0.00,$0.00,"$78,630.85"
4/08/2023,"-$4,413.39","$82,617.58",$0.00,$0.00,"$78,204.19"
4/07/2023,"-$4,413.39","$82,617.58",$0.00,$0.00,"$78,204.19"
4/06/2023,"-$4,413.39","$82,618.32",$0.00,$0.00,"$78,204.93"
4/05/2023,"-$4,413.39","$83,935.44",$0.00,$0.00,"$79,522.05"
4/04/2023,"-$4,413.39","$83,380.27",$0.00,$0.00,"$78,966.88"
4/01/2023,"-$4,413.39","$82,531.85",$0.00,$0.00,"$78,118.46"
3/31/2023,"-$4,413.39","$82,531.85",$0.00,$0.00,"$78,118.46"
3/30/2023,"-$4,413.39","$81,680.85",$0.00,$0.00,"$77,267.46"
3/29/2023,"-$4,413.39","$80,078.88",$0.00,$0.00,"$75,665.49"
3/28/2023,"-$4,413.59","$80,716.21",$0.00,$0.00,"$76,302.62"
3/25/2023,"-$4,413.59","$80,767.28",$0.00,$0.00,"$76,353.69"
3/24/2023,"-$4,413.59","$80,664.76",$0.00,$0.00,"$76,251.17"
3/23/2023,"-$4,413.59","$80,570.20",$0.00,$0.00,"$76,156.61"
3/22/2023,"-$4,413.59","$81,797.18",$0.00,$0.00,"$77,383.59"
3/21/2023,"-$4,413.59","$80,226.37",$0.00,$0.00,"$75,812.78"
3/18/2023,"-$4,413.59","$80,420.37",$0.00,$0.00,"$76,006.78"
3/17/2023,"-$4,413.59","$81,152.04",$0.00,$0.00,"$76,738.45"
3/16/2023,"-$4,413.59","$79,084.87",$0.00,$0.00,"$74,671.28"
3/15/2023,"-$4,413.59","$78,546.20",$0.00,$0.00,"$74,132.61"
3/14/2023,"-$4,413.59","$76,766.30",$0.00,$0.00,"$72,352.71"
3/11/2023,"-$4,413.59","$76,034.89",$0.00,$0.00,"$71,621.30"
3/10/2023,"-$4,413.59","$77,161.71",$0.00,$0.00,"$72,748.12"
3/09/2023,"-$4,444.29","$78,543.73",$0.00,$0.00,"$74,099.44"
3/08/2023,"-$4,451.09","$78,375.22",$0.00,$0.00,"$73,924.13"
3/07/2023,"-$4,451.09","$78,678.75",$0.00,$0.00,"$74,227.66"
3/04/2023,"-$4,451.09","$78,768.60",$0.00,$0.00,"$74,317.51"
3/03/2023,"-$4,451.09","$77,794.47",$0.00,$0.00,"$73,343.38"
3/02/2023,"-$4,451.09","$77,395.92",$0.00,$0.00,"$72,944.83"
3/01/2023,"-$4,451.09","$78,612.21",$0.00,$0.00,"$74,161.12"
2/28/2023,"-$4,451.09","$78,612.21",$0.00,$0.00,"$74,161.12"
2/25/2023,"-$4,451.09","$78,419.69",$0.00,$0.00,"$73,968.60"
2/24/2023,"-$4,451.09","$79,712.77",$0.00,$0.00,"$75,261.68"
2/23/2023,"-$4,456.39","$79,698.88",$0.00,$0.00,"$75,242.49"
2/22/2023,"-$4,456.39","$79,424.49",$0.00,$0.00,"$74,968.10"
2/21/2023,"-$4,456.39","$81,261.19",$0.00,$0.00,"$76,804.80"
2/18/2023,"-$4,456.39","$81,261.19",$0.00,$0.00,"$76,804.80"
2/17/2023,"-$4,456.39","$81,579.34",$0.00,$0.00,"$77,122.95"
2/16/2023,"-$4,496.89","$83,430.75",$0.00,$0.00,"$78,933.86"
2/15/2023,"-$4,497.35","$82,376.84",$0.00,$0.00,"$77,879.49"
2/14/2023,"-$4,497.35","$82,345.82",$0.00,$0.00,"$77,848.47"
2/11/2023,"-$4,497.35","$81,049.43",$0.00,$0.00,"$76,552.08"
2/10/2023,"-$4,497.35","$81,462.49",$0.00,$0.00,"$76,965.14"
2/09/2023,"-$4,497.35","$82,385.52",$0.00,$0.00,"$77,888.17"
2/08/2023,"-$4,497.35","$83,997.13",$0.00,$0.00,"$79,499.78"
2/07/2023,"-$4,497.35","$83,588.81",$0.00,$0.00,"$79,091.46"
2/04/2023,"-$4,497.35","$84,089.32",$0.00,$0.00,"$79,591.97"
2/03/2023,"-$4,497.35","$88,551.91",$0.00,$0.00,"$84,054.56"
2/02/2023,"-$4,497.35","$84,768.86",$0.00,$0.00,"$80,271.51"
2/01/2023,"-$4,497.35","$81,597.72",$0.00,$0.00,"$77,100.37"
1/31/2023,"-$4,497.35","$81,597.72",$0.00,$0.00,"$77,100.37"
1/28/2023,"-$4,507.35","$82,624.56",$0.00,$0.00,"$78,117.21"
1/27/2023,"-$4,507.35","$80,932.53",$0.00,$0.00,"$76,425.18"
1/26/2023,"-$4,507.35","$79,371.62",$0.00,$0.00,"$74,864.27"
1/25/2023,"-$4,507.35","$79,094.91",$0.00,$0.00,"$74,587.56"
1/24/2023,"-$4,507.35","$79,603.32",$0.00,$0.00,"$75,095.97"
1/21/2023,"-$4,507.35","$78,621.98",$0.00,$0.00,"$74,114.63"
1/20/2023,"-$4,507.35","$76,286.93",$0.00,$0.00,"$71,779.58"
1/19/2023,"-$4,507.35","$77,606.41",$0.00,$0.00,"$73,099.06"
1/18/2023,"-$4,507.35","$78,435.62",$0.00,$0.00,"$73,928.27"
1/17/2023,"-$4,507.35","$79,113.36",$0.00,$0.00,"$74,606.01"
1/14/2023,"-$4,507.35","$79,113.36",$0.00,$0.00,"$74,606.01"
1/13/2023,"-$4,507.35","$77,710.83",$0.00,$0.00,"$73,203.48"
1/12/2023,"-$4,507.35","$77,599.90",$0.00,$0.00,"$73,092.55"
1/11/2023,"-$4,507.35","$75,104.50",$0.00,$0.00,"$70,597.15"
1/10/2023,"-$4,507.35","$73,911.28",$0.00,$0.00,"$69,403.93"
1/07/2023,"-$4,507.35","$73,590.81",$0.00,$0.00,"$69,083.46"
1/06/2023,"-$4,507.35","$70,543.22",$0.00,$0.00,"$66,035.87"
1/05/2023,"-$4,507.35","$71,778.25",$0.00,$0.00,"$67,270.90"
1/04/2023,"-$4,507.35","$71,824.45",$0.00,$0.00,"$67,317.10"
1/03/2023,"-$4,507.35","$71,322.32",$0.00,$0.00,"$66,814.97"
12/31/2022,"-$4,507.35","$71,322.32",$0.00,$0.00,"$66,814.97"
12/30/2022,"-$4,507.35","$71,379.23",$0.00,$0.00,"$66,871.88"
12/29/2022,"-$2,098.15","$67,456.88",$0.00,$0.00,"$65,358.73"
12/28/2022,"-$2,098.15","$68,259.33",$0.00,$0.00,"$66,161.18"
12/27/2022,"-$2,098.15","$69,533.71",$0.00,$0.00,"$67,435.56"
12/24/2022,"-$2,098.15","$69,533.71",$0.00,$0.00,"$67,435.56"
12/23/2022,"-$2,098.15","$68,698.02",$0.00,$0.00,"$66,599.87"
12/22/2022,"-$2,098.15","$70,402.01",$0.00,$0.00,"$68,303.86"
12/21/2022,"-$2,098.35","$69,487.01",$0.00,$0.00,"$67,388.66"
12/20/2022,"-$2,098.35","$69,538.26",$0.00,$0.00,"$67,439.91"
12/17/2022,"-$2,098.35","$70,993.40",$0.00,$0.00,"$68,895.05"
12/16/2022,"-$2,098.35","$71,546.98",$0.00,$0.00,"$69,448.63"
12/15/2022,"-$2,098.35","$74,096.24",$0.00,$0.00,"$71,997.89"
12/14/2022,"-$2,098.35","$74,729.69",$0.00,$0.00,"$72,631.34"
12/13/2022,"-$2,098.35","$73,861.52",$0.00,$0.00,"$71,763.17"
12/10/2022,"-$2,098.35","$73,052.79",$0.00,$0.00,"$70,954.44"
12/09/2022,"-$2,206.35","$73,506.68",$0.00,$0.00,"$71,300.33"
12/08/2022,"-$2,206.35","$72,667.50",$0.00,$0.00,"$70,461.15"
12/07/2022,"-$2,206.35","$72,669.30",$0.00,$0.00,"$70,462.95"
12/06/2022,"-$2,206.35","$74,345.12",$0.00,$0.00,"$72,138.77"
12/03/2022,"-$2,206.35","$76,357.43",$0.00,$0.00,"$74,151.08"
12/02/2022,"-$2,206.35","$77,342.67",$0.00,$0.00,"$75,136.32"
12/01/2022,"-$2,206.35","$79,395.23",$0.00,$0.00,"$77,188.88"
11/30/2022,"-$2,206.35","$76,721.47",$0.00,$0.00,"$74,515.12"
11/29/2022,"-$2,206.35","$77,454.36",$0.00,$0.00,"$75,248.01"
11/26/2022,$787.39,"$74,343.64",$0.00,$0.00,"$75,131.03"
11/25/2022,$787.39,"$74,701.10",$0.00,$0.00,"$75,488.49"
11/24/2022,$782.09,"$74,701.10",$0.00,$0.00,"$75,483.19"
11/23/2022,$782.09,"$73,612.16",$0.00,$0.00,"$74,394.25"
11/22/2022,$782.09,"$73,080.61",$0.00,$0.00,"$73,862.70"
11/19/2022,$782.09,"$74,427.57",$0.00,$0.00,"$75,209.66"
11/18/2022,$782.09,"$74,645.14",$0.00,$0.00,"$75,427.23"
11/17/2022,$782.09,"$75,163.80",$0.00,$0.00,"$75,945.89"
11/16/2022,$782.09,"$78,500.94",$0.00,$0.00,"$79,283.03"
11/15/2022,$782.09,"$77,421.22",$0.00,$0.00,"$78,203.31"
11/12/2022,$782.09,"$78,674.29",$0.00,$0.00,"$79,456.38"
11/11/2022,$782.09,"$75,613.92",$0.00,$0.00,"$76,396.01"
11/10/2022,$782.09,"$68,726.35",$0.00,$0.00,"$69,508.44"
11/09/2022,$768.59,"$71,586.81",$0.00,$0.00,"$72,355.40"
11/08/2022,$768.59,"$71,598.09",$0.00,$0.00,"$72,366.68"
11/05/2022,$768.59,"$71,763.47",$0.00,$0.00,"$72,532.06"
11/04/2022,$768.59,"$70,833.73",$0.00,$0.00,"$71,602.32"
11/03/2022,$768.59,"$72,248.54",$0.00,$0.00,"$73,017.13"
11/02/2022,$768.59,"$75,306.48",$0.00,$0.00,"$76,075.07"
11/01/2022,$768.59,"$78,156.61",$0.00,$0.00,"$78,925.20"
10/29/2022,$768.59,"$79,141.81",$0.00,$0.00,"$79,910.40"
10/28/2022,$768.59,"$82,578.03",$0.00,$0.00,"$83,346.62"
10/27/2022,$768.59,"$85,080.20",$0.00,$0.00,"$85,848.79"
10/26/2022,$768.59,"$87,451.24",$0.00,$0.00,"$88,219.83"
10/25/2022,$768.59,"$86,562.33",$0.00,$0.00,"$87,330.92"
10/22/2022,$768.59,"$85,804.51",$0.00,$0.00,"$86,573.10"
10/21/2022,$768.59,"$83,066.51",$0.00,$0.00,"$83,835.10"
10/20/2022,$768.59,"$83,185.15",$0.00,$0.00,"$83,953.74"
10/19/2022,$768.59,"$84,076.23",$0.00,$0.00,"$84,844.82"
10/18/2022,$768.59,"$81,883.75",$0.00,$0.00,"$82,652.34"
10/15/2022,$768.59,"$77,865.76",$0.00,$0.00,"$78,634.35"
10/14/2022,$768.59,"$81,794.16",$0.00,$0.00,"$82,562.75"
10/13/2022,$768.59,"$81,907.50",$0.00,$0.00,"$82,676.09"
10/12/2022,$768.59,"$81,678.20",$0.00,$0.00,"$82,446.79"
10/11/2022,$768.59,"$82,204.00",$0.00,$0.00,"$82,972.59"
10/08/2022,$768.59,"$82,610.35",$0.00,$0.00,"$83,378.94"
10/07/2022,$768.59,"$86,084.67",$0.00,$0.00,"$86,853.26"
10/06/2022,$768.59,"$86,476.11",$0.00,$0.00,"$87,244.70"
10/05/2022,$768.59,"$86,696.94",$0.00,$0.00,"$87,465.53"
10/04/2022,$768.59,"$83,360.05",$0.00,$0.00,"$84,128.64"
10/01/2022,$768.59,"$81,406.46",$0.00,$0.00,"$82,175.05"
9/30/2022,$768.59,"$82,816.91",$0.00,$0.00,"$83,585.50"
9/29/2022,$768.59,"$85,032.85",$0.00,$0.00,"$85,801.44"
9/28/2022,$768.59,"$82,277.52",$0.00,$0.00,"$83,046.11"
9/27/2022,$768.59,"$82,712.57",$0.00,$0.00,"$83,481.16"
9/24/2022,$768.59,"$82,233.97",$0.00,$0.00,"$83,002.56"
9/23/2022,$768.59,"$84,385.66",$0.00,$0.00,"$85,154.25"
9/22/2022,"$2,620.24","$83,881.41",$0.00,$0.00,"$86,501.65"
9/21/2022,"$2,620.24","$85,936.97",$0.00,$0.00,"$88,557.21"
9/20/2022,"$2,620.24","$87,770.01",$0.00,$0.00,"$90,390.25"
9/17/2022,"$2,620.24","$87,088.07",$0.00,$0.00,"$89,708.31"
9/16/2022,"$2,620.24","$88,564.35",$0.00,$0.00,"$91,184.59"
9/15/2022,"$2,620.24","$89,814.41",$0.00,$0.00,"$92,434.65"
9/14/2022,"$2,620.24","$89,026.29",$0.00,$0.00,"$91,646.53"
9/13/2022,"$2,620.24","$95,100.38",$0.00,$0.00,"$97,720.62"
9/10/2022,"$2,620.24","$93,443.05",$0.00,$0.00,"$96,063.29"
9/09/2022,"$2,620.24","$91,417.58",$0.00,$0.00,"$94,037.82"
9/08/2022,"$2,620.24","$91,127.87",$0.00,$0.00,"$93,748.11"
9/07/2022,"$2,620.24","$88,517.32",$0.00,$0.00,"$91,137.56"
9/06/2022,"$2,620.24","$89,312.01",$0.00,$0.00,"$91,932.25"
9/03/2022,"$2,620.24","$89,312.01",$0.00,$0.00,"$91,932.25"
9/02/2022,"$2,620.24","$89,681.63",$0.00,$0.00,"$92,301.87"
9/01/2022,"$2,620.24","$88,579.99",$0.00,$0.00,"$91,200.23"
8/31/2022,"$2,620.24","$89,610.68",$0.00,$0.00,"$92,230.92"
8/30/2022,"$2,620.24","$90,048.61",$0.00,$0.00,"$92,668.85"
8/27/2022,"$2,620.24","$92,500.04",$0.00,$0.00,"$95,120.28"
8/26/2022,"$10,754.89","$86,770.24",$0.00,$0.00,"$97,525.13"
8/25/2022,"$10,754.89","$84,563.28",$0.00,$0.00,"$95,318.17"
8/24/2022,"$10,754.89","$84,337.23",$0.00,$0.00,"$95,092.12"
8/23/2022,"$10,754.89","$85,215.83",$0.00,$0.00,"$95,970.72"
8/20/2022,"$51,470.89","$47,174.48",$0.00,$0.00,"$98,645.37"
8/19/2022,"$51,470.89","$47,174.48",$0.00,$0.00,"$98,645.37"
8/18/2022,"$51,470.89","$47,242.12",$0.00,$0.00,"$98,713.01"
8/17/2022,"$65,739.89","$33,929.41",$0.00,$0.00,"$99,669.30"
